SET SCHEMA 'places4all';

INSERT INTO template(id, name, created_date) VALUES
  (1, 'O meu primeiro template', '2016-11-25T14:46:26.680513Z'),
  (2, 'O meu segundo template', '2016-11-25T14:46:26.680513Z');

INSERT INTO maingroup(id, id_template, name, weight, created_date) VALUES
  (1, 1, 'T1-M1', 40, '2016-11-25T14:46:26.680513Z'),
  (2, 1, 'T1-M2', 60, '2016-11-25T14:46:26.680513Z'),
  (3, 2, 'T2-M3', 100, '2016-11-25T14:46:26.680513Z');

INSERT INTO subgroup(id, id_maingroup, name, weight, created_date) VALUES
  (1, 1, 'M1-S1', 25, '2016-11-25T14:46:26.680513Z'),
  (2, 1, 'M1-S2', 42, '2016-11-25T14:46:26.680513Z'),
  (3, 1, 'M1-S3', 33, '2016-11-25T14:46:26.680513Z'),
  (4, 2, 'M2-S4', 40, '2016-11-25T14:46:26.680513Z'),
  (5, 2, 'M2-S5', 60, '2016-11-25T14:46:26.680513Z'),
  (6, 3, 'M3-S6', 100, '2016-11-25T14:46:26.680513Z');

INSERT INTO legislation(id, name, description, url) VALUES
  (1, 'O gamanço', 'lei aprovada pelos ladrões', 'https://www.priberam.pt/dlpo/gaman%C3%A7o'),
  (2, 'O ananás', NULL, NULL),
  (3, 'O banco', 'quem sabe sabe e o BES sempre soube', 'https://www.priberam.pt/dlpo/roubo');

INSERT INTO criterion(id, id_subgroup, id_legislation, name, weight, created_date) VALUES
  (1, 1, 1, 'S1-C1', 11, '2016-11-25T14:46:26.680513Z'),
  (2, 1, NULL, 'S1-C2', 11, '2016-11-25T14:46:26.680513Z'),
  (3, 1, 1, 'S1-C3', 78, '2016-11-25T14:46:26.680513Z'),
  (4, 2, NULL, 'S2-C4', 33, '2016-11-25T14:46:26.680513Z'),
  (5, 2, 1, 'S2-C5', 7, '2016-11-25T14:46:26.680513Z'),
  (6, 2, NULL, 'S2-C6', 25, '2016-11-25T14:46:26.680513Z'),
  (7, 2, 2, 'S2-C7', 15, '2016-11-25T14:46:26.680513Z'),
  (8, 2, NULL, 'S2-C8', 1, '2016-11-25T14:46:26.680513Z'),
  (9, 2, 2, 'S2-C9', 19, '2016-11-25T14:46:26.680513Z'),
  (10, 3, NULL, 'S3-C10', 64, '2016-11-25T14:46:26.680513Z'),
  (11, 3, 3, 'S3-C11', 36, '2016-11-25T14:46:26.680513Z'),
  (12, 4, NULL, 'S4-C12', 100, '2016-11-25T14:46:26.680513Z'),
  (13, 5, 3, 'S5-C13', 9, '2016-11-25T14:46:26.680513Z'),
  (14, 5, NULL, 'S5-C14', 9, '2016-11-25T14:46:26.680513Z'),
  (15, 5, 3, 'S5-C15', 82, '2016-11-25T14:46:26.680513Z'),
  (16, 6, NULL, 'S6-C16', 11, '2016-11-25T14:46:26.680513Z'),
  (17, 6, 1, 'S6-C17', 11, '2016-11-25T14:46:26.680513Z'),
  (18, 6, 2, 'S6-C18', 11, '2016-11-25T14:46:26.680513Z'),
  (19, 6, 3, 'S6-C19', 11, '2016-11-25T14:46:26.680513Z'),
  (20, 6, NULL, 'S6-C20', 56, '2016-11-25T14:46:26.680513Z');

INSERT INTO accessibility(id, name) VALUES
  (1, 'Visual'),
  (2, 'Auditiva'),
  (3, 'Física');

INSERT INTO criterion_accessibility(id_criterion, id_accessibility, weight) VALUES
  (1, 1, 20),
  (1, 2, 30),
  (1, 3, 50),
  (2, 1, 15),
  (2, 2, 20),
  (2, 3, 65),
  (3, 1, 11),
  (3, 2, 11),
  (3, 3, 78),
  (4, 1, 20),
  (4, 2, 20),
  (4, 3, 60),
  (5, 1, 13),
  (5, 2, 32),
  (5, 3, 55),
  (6, 1, 33),
  (6, 2, 33),
  (6, 3, 34),
  (7, 1, 55),
  (7, 2, 40),
  (7, 3, 5),
  (8, 1, 98),
  (8, 2, 1),
  (8, 3, 1),
  (9, 1, 77),
  (9, 2, 13),
  (9, 3, 10),
  (10, 1, 19),
  (10, 2, 75),
  (10, 3, 6),
  (11, 1, 88),
  (11, 2, 4),
  (11, 3, 8),
  (12, 1, 66),
  (12, 2, 24),
  (12, 3, 10),
  (13, 1, 17),
  (13, 2, 17),
  (13, 3, 66),
  (14, 1, 55),
  (14, 2, 33),
  (14, 3, 12),
  (15, 1, 54),
  (15, 2, 6),
  (15, 3, 40),
  (16, 1, 9),
  (16, 2, 8),
  (16, 3, 83),
  (17, 1, 15),
  (17, 2, 15),
  (17, 3, 70),
  (18, 1, 76),
  (18, 2, 14),
  (18, 3, 10),
  (19, 1, 32),
  (19, 2, 23),
  (19, 3, 45),
  (20, 1, 20),
  (20, 2, 30),
  (20, 3, 50);
